impl,weights,backends,table,disruption,ideal,excess,peak_to_mean,min_to_mean,cv,build_us,update_us,cycles_per_lookup,ins_per_lookup,ns_per_lookup
katran-maglev,equal,8,65537,0.128679,0.125000,0.003679,1.0049,0.9978,0.0021,1112.9,928.6,8.17,8.00,1.60
katran-maglev-v2,equal,8,65537,0.128679,0.125000,0.003679,1.0049,0.9978,0.0021,925.2,913.6,8.23,8.00,1.59
katran-maglev,equal,8,16381,0.128794,0.125000,0.003794,1.0050,0.9959,0.0028,215.3,210.1,8.19,8.00,1.62
katran-maglev-v2,equal,8,16381,0.128794,0.125000,0.003794,1.0050,0.9959,0.0028,213.6,214.4,8.09,8.00,1.57
katran-maglev,equal,8,4093,0.135664,0.125000,0.010664,1.0036,0.9953,0.0028,49.8,51.9,8.06,8.00,1.65
katran-maglev-v2,equal,8,4093,0.135664,0.125000,0.010664,1.0036,0.9953,0.0028,48.4,48.4,8.01,8.00,1.55
katran-maglev,skewed,8,65537,0.128654,0.125000,0.003654,1.0049,0.9976,0.0021,953.3,889.4,8.07,8.00,1.55
katran-maglev-v2,skewed,8,65537,0.128232,0.125000,0.003232,1.6010,0.4002,0.4459,973.0,910.3,8.17,8.00,1.58
anchorhash,equal,8,8,0.125000,0.125000,0.000000,1.0048,0.9961,0.0028,1.1,0.0,7.12,34.00,1.37
dpvs-conhash,equal,8,160,0.125000,0.125000,0.000000,1.0908,0.8275,0.0889,430.9,36.7,868.27,2292.94,167.58
dpvs-conhash,skewed,8,160,0.125000,0.125000,0.000000,1.6119,0.3770,0.4675,1129.1,120.9,930.51,2303.04,183.42
katran-maglev,equal,16,65537,0.065886,0.062491,0.003395,1.0047,0.9937,0.0032,1053.7,1048.2,8.19,8.00,1.60
katran-maglev-v2,equal,16,65537,0.065886,0.062491,0.003395,1.0047,0.9937,0.0032,1000.5,1055.3,8.15,8.00,1.58
katran-maglev,equal,16,16381,0.069765,0.062494,0.007270,1.0048,0.9936,0.0031,252.7,246.3,8.08,8.00,1.57
katran-maglev-v2,equal,16,16381,0.069765,0.062494,0.007270,1.0048,0.9936,0.0031,254.0,253.6,8.09,8.00,1.58
katran-maglev,equal,16,4093,0.074459,0.062543,0.011916,1.0055,0.9931,0.0033,53.0,53.8,8.07,8.00,1.63
katran-maglev-v2,equal,16,4093,0.074459,0.062543,0.011916,1.0055,0.9931,0.0033,54.2,53.8,8.04,8.00,1.54
katran-maglev,skewed,16,65537,0.065869,0.062484,0.003385,1.0048,0.9940,0.0033,1089.6,1043.6,8.09,8.00,1.56
katran-maglev-v2,skewed,16,65537,0.052854,0.050041,0.002813,1.6044,0.3979,0.4466,1065.2,1087.4,8.11,8.00,1.55
anchorhash,equal,16,16,0.062527,0.062527,0.000000,1.0056,0.9931,0.0035,0.6,0.0,7.24,34.00,1.42
dpvs-conhash,equal,16,160,0.060245,0.060245,0.000000,1.1223,0.8301,0.0786,941.5,53.8,923.82,2300.64,179.61
dpvs-conhash,skewed,16,160,0.049470,0.049470,0.000000,1.6902,0.3370,0.4571,2750.7,111.9,1014.61,2310.72,201.04
katran-maglev,equal,32,65537,0.035167,0.031189,0.003978,1.0105,0.9900,0.0052,1259.2,1183.9,8.19,8.00,1.61
katran-maglev-v2,equal,32,65537,0.035167,0.031189,0.003978,1.0105,0.9900,0.0052,1232.5,1181.8,8.05,8.00,1.59
katran-maglev,equal,32,16381,0.040006,0.031234,0.008771,1.0100,0.9902,0.0054,268.6,263.2,8.04,8.00,1.56
katran-maglev-v2,equal,32,16381,0.040006,0.031234,0.008771,1.0100,0.9902,0.0054,270.7,270.9,8.12,8.00,1.58
katran-maglev,equal,32,4093,0.050686,0.031270,0.019416,1.0078,0.9844,0.0048,61.1,59.3,8.22,8.00,1.63
katran-maglev-v2,equal,32,4093,0.050686,0.031270,0.019416,1.0078,0.9844,0.0048,61.0,59.2,8.05,8.00,1.59
katran-maglev,skewed,32,65537,0.034988,0.031163,0.003825,1.0104,0.9890,0.0053,1244.4,1203.8,7.99,8.00,1.58
katran-maglev-v2,skewed,32,65537,0.015630,0.012439,0.003191,1.6082,0.3943,0.4471,1285.1,1281.7,8.14,8.00,1.58
anchorhash,equal,32,32,0.031168,0.031168,0.000000,1.0078,0.9902,0.0048,0.7,0.1,7.16,34.00,1.43
dpvs-conhash,equal,32,160,0.031015,0.031015,0.000000,1.1550,0.8668,0.0802,2151.1,63.7,990.49,2308.12,196.26
dpvs-conhash,skewed,32,160,0.012708,0.012708,0.000000,1.6967,0.3349,0.4446,5210.5,53.9,1127.52,2318.18,217.98
katran-maglev,equal,64,65537,0.020414,0.015570,0.004844,1.0230,0.9852,0.0072,1284.9,1232.2,8.13,8.00,1.59
katran-maglev-v2,equal,64,65537,0.020414,0.015570,0.004844,1.0230,0.9852,0.0072,1223.2,1229.9,7.98,8.00,1.55
katran-maglev,equal,64,16381,0.025796,0.015672,0.010123,1.0150,0.9751,0.0088,270.7,275.7,8.06,8.00,1.52
katran-maglev-v2,equal,64,16381,0.025796,0.015672,0.010123,1.0150,0.9751,0.0088,267.2,268.4,8.09,8.00,1.55
katran-maglev,equal,64,4093,0.037502,0.015622,0.021880,1.0139,0.9758,0.0077,59.5,58.2,8.01,8.00,1.53
katran-maglev-v2,equal,64,4093,0.037502,0.015622,0.021880,1.0139,0.9758,0.0077,60.0,71.8,8.02,8.00,1.55
katran-maglev,skewed,64,65537,0.020401,0.015548,0.004853,1.0227,0.9832,0.0074,1288.2,1215.2,7.98,8.00,1.53
katran-maglev-v2,skewed,64,65537,0.010345,0.006222,0.004123,1.6123,0.3897,0.4474,1449.7,1362.2,8.06,8.00,1.56
anchorhash,equal,64,64,0.015603,0.015603,0.000000,1.0168,0.9829,0.0070,0.8,0.0,7.19,34.00,1.44
dpvs-conhash,equal,64,160,0.015864,0.015864,0.000000,1.2180,0.8403,0.0878,4191.9,56.8,1060.60,2315.77,206.13
dpvs-conhash,skewed,64,160,0.006239,0.006239,0.000000,1.7193,0.3447,0.4406,11601.0,64.2,1227.96,2325.86,240.08
katran-maglev,equal,128,65537,0.013611,0.007782,0.005829,1.0340,0.9713,0.0111,1225.3,1231.4,8.05,8.00,1.49
katran-maglev-v2,equal,128,65537,0.013611,0.007782,0.005829,1.0340,0.9713,0.0111,1226.7,1222.1,7.99,8.00,1.61
katran-maglev,equal,128,16381,0.020118,0.007840,0.012279,1.0298,0.9697,0.0117,267.7,276.7,8.09,8.00,1.66
katran-maglev-v2,equal,128,16381,0.020118,0.007840,0.012279,1.0298,0.9697,0.0117,279.8,277.1,8.02,8.00,1.56
katran-maglev,equal,128,4093,0.035812,0.007783,0.028029,1.0204,0.9590,0.0116,65.7,54.7,8.00,8.00,1.53
katran-maglev-v2,equal,128,4093,0.035812,0.007783,0.028029,1.0204,0.9590,0.0116,65.2,51.0,8.01,8.00,1.52
katran-maglev,skewed,128,65537,0.013539,0.007759,0.005780,1.0348,0.9701,0.0114,1304.4,1306.2,7.98,8.00,1.53
katran-maglev-v2,skewed,128,65537,0.008246,0.003108,0.005137,1.6315,0.3848,0.4476,1245.5,1307.6,7.96,8.00,1.50
anchorhash,equal,128,128,0.007778,0.007778,0.000000,1.0258,0.9768,0.0100,0.8,0.1,7.10,34.00,1.37
dpvs-conhash,equal,128,160,0.007523,0.007523,0.000000,1.2594,0.8010,0.0796,8540.0,65.4,1236.67,2323.37,240.82
dpvs-conhash,skewed,128,160,0.003177,0.003177,0.000000,1.7681,0.3406,0.4491,24863.4,61.1,1604.77,2333.55,304.40
